wkt_geom,latitude,longitude,NOMGEO,NOM_ENT,acq_date_mex,SATELITE
POINT (-104.0675 23.97696),23.97696,-104.0675,Poanas,Durango,2026-01-02 15:40:00,MODIS_7d
POINT (-103.874 24.23063),24.23063,-103.874,Cuencamé,Durango,2026-01-02 15:40:00,MODIS_7d
POINT (-104.42257 24.0117),24.0117,-104.42257,Durango,Durango,2026-01-05 15:54:00,MODIS_7d
POINT (-104.43257 24.01032),24.01032,-104.43257,Durango,Durango,2026-01-05 15:54:00,MODIS_7d
POINT (-104.4207 24.02263),24.02263,-104.4207,Durango,Durango,2026-01-05 15:54:00,MODIS_7d
POINT (-104.43072 24.02128),24.02128,-104.43072,Durango,Durango,2026-01-05 15:54:00,MODIS_7d
POINT (-104.64487 24.11095),24.11095,-104.64487,Durango,Durango,2026-01-05 15:54:00,MODIS_7d
POINT (-104.63644 24.12119),24.12119,-104.63644,Durango,Durango,2026-01-05 15:54:00,MODIS_7d
POINT (-104.64632 24.11983),24.11983,-104.64632,Durango,Durango,2026-01-05 15:54:00,MODIS_7d
POINT (-104.63783 24.13008),24.13008,-104.63783,Durango,Durango,2026-01-05 15:54:00,MODIS_7d
POINT (-105.00629 24.91029),24.91029,-105.00629,Nuevo Ideal,Durango,2026-01-05 15:54:00,MODIS_7d
POINT (-105.01613 24.90892),24.90892,-105.01613,Nuevo Ideal,Durango,2026-01-05 15:54:00,MODIS_7d
POINT (-105.33435 23.80883),23.80883,-105.33435,Pueblo Nuevo,Durango,2025-12-30 13:32:00,VIIRS_SNPP_7d
POINT (-105.33466 23.81098),23.81098,-105.33466,Pueblo Nuevo,Durango,2025-12-30 13:32:00,VIIRS_SNPP_7d
POINT (-105.27336 23.20889),23.20889,-105.27336,Pueblo Nuevo,Durango,2025-12-30 15:12:00,VIIRS_SNPP_7d
POINT (-105.27849 23.20958),23.20958,-105.27849,Pueblo Nuevo,Durango,2025-12-30 15:12:00,VIIRS_SNPP_7d
POINT (-105.27522 23.2098),23.2098,-105.27522,Pueblo Nuevo,Durango,2025-12-30 15:12:00,VIIRS_SNPP_7d
POINT (-105.70444 23.9778),23.9778,-105.70444,San Dimas,Durango,2025-12-30 15:12:00,VIIRS_SNPP_7d
POINT (-105.27317 23.21587),23.21587,-105.27317,Pueblo Nuevo,Durango,2025-12-30 15:12:00,VIIRS_SNPP_7d
POINT (-105.27636 23.2087),23.2087,-105.27636,Pueblo Nuevo,Durango,2025-12-30 15:12:00,VIIRS_SNPP_7d
POINT (-103.68585 25.46049),25.46049,-103.68585,Lerdo,Durango,2026-01-02 03:02:00,VIIRS_SNPP_7d
POINT (-103.68974 25.46143),25.46143,-103.68974,Lerdo,Durango,2026-01-02 03:02:00,VIIRS_SNPP_7d
POINT (-104.00719 26.79672),26.79672,-104.00719,Jiménez,Chihuahua,2026-01-02 14:16:00,VIIRS_SNPP_7d
POINT (-104.22441 24.35739),24.35739,-104.22441,Pánuco de Coronado,Durango,2026-01-02 14:16:00,VIIRS_SNPP_7d
POINT (-103.68749 25.45749),25.45749,-103.68749,Lerdo,Durango,2026-01-03 02:41:00,VIIRS_SNPP_7d
POINT (-103.39585 25.48866),25.48866,-103.39585,Torreón,Coahuila de Zaragoza,2026-01-03 02:41:00,VIIRS_SNPP_7d
POINT (-104.97465 24.84488),24.84488,-104.97465,Nuevo Ideal,Durango,2026-01-03 13:55:00,VIIRS_SNPP_7d
POINT (-104.97772 24.84493),24.84493,-104.97772,Nuevo Ideal,Durango,2026-01-03 13:55:00,VIIRS_SNPP_7d
POINT (-105.09657 25.02509),25.02509,-105.09657,Nuevo Ideal,Durango,2026-01-03 13:55:00,VIIRS_SNPP_7d
POINT (-105.40944 25.47719),25.47719,-105.40944,El Oro,Durango,2026-01-03 13:57:00,VIIRS_SNPP_7d
POINT (-104.07552 26.37375),26.37375,-104.07552,Mapimí,Durango,2026-01-03 13:57:00,VIIRS_SNPP_7d
POINT (-103.39551 25.48706),25.48706,-103.39551,Torreón,Coahuila de Zaragoza,2026-01-04 02:24:00,VIIRS_SNPP_7d
POINT (-104.56682 24.10534),24.10534,-104.56682,Durango,Durango,2026-01-04 13:38:00,VIIRS_SNPP_7d
POINT (-104.43636 24.01183),24.01183,-104.43636,Durango,Durango,2026-01-05 13:19:00,VIIRS_SNPP_7d
POINT (-104.57619 24.02507),24.02507,-104.57619,Durango,Durango,2026-01-05 13:19:00,VIIRS_SNPP_7d
POINT (-104.63793 24.09847),24.09847,-104.63793,Durango,Durango,2026-01-05 13:19:00,VIIRS_SNPP_7d
POINT (-104.63966 24.10489),24.10489,-104.63966,Durango,Durango,2026-01-05 13:19:00,VIIRS_SNPP_7d
POINT (-104.6409 24.09697),24.09697,-104.6409,Durango,Durango,2026-01-05 13:19:00,VIIRS_SNPP_7d
POINT (-104.64236 24.10345),24.10345,-104.64236,Durango,Durango,2026-01-05 13:19:00,VIIRS_SNPP_7d
POINT (-105.08831 24.81681),24.81681,-105.08831,Nuevo Ideal,Durango,2026-01-05 13:19:00,VIIRS_SNPP_7d
POINT (-105.09427 24.81529),24.81529,-105.09427,Nuevo Ideal,Durango,2026-01-05 13:19:00,VIIRS_SNPP_7d
POINT (-104.43322 24.01348),24.01348,-104.43322,Durango,Durango,2026-01-05 14:59:00,VIIRS_SNPP_7d
POINT (-104.42818 24.01388),24.01388,-104.42818,Durango,Durango,2026-01-05 14:59:00,VIIRS_SNPP_7d
POINT (-104.42316 24.01429),24.01429,-104.42316,Durango,Durango,2026-01-05 14:59:00,VIIRS_SNPP_7d
POINT (-104.6436 23.96582),23.96582,-104.6436,Durango,Durango,2026-01-05 14:59:00,VIIRS_SNPP_7d
POINT (-104.85798 23.07786),23.07786,-104.85798,Mezquital,Durango,2026-01-05 14:59:00,VIIRS_SNPP_7d
POINT (-105.08632 24.8148),24.8148,-105.08632,Nuevo Ideal,Durango,2026-01-05 14:59:00,VIIRS_SNPP_7d
POINT (-105.09106 24.81443),24.81443,-105.09106,Nuevo Ideal,Durango,2026-01-05 14:59:00,VIIRS_SNPP_7d
POINT (-105.08681 24.82073),24.82073,-105.08681,Nuevo Ideal,Durango,2026-01-05 14:59:00,VIIRS_SNPP_7d
POINT (-105.09157 24.82036),24.82036,-105.09157,Nuevo Ideal,Durango,2026-01-05 14:59:00,VIIRS_SNPP_7d
POINT (-105.07782 24.82739),24.82739,-105.07782,Nuevo Ideal,Durango,2026-01-05 14:59:00,VIIRS_SNPP_7d
POINT (-105.08257 24.82702),24.82702,-105.08257,Nuevo Ideal,Durango,2026-01-05 14:59:00,VIIRS_SNPP_7d
POINT (-104.64226 24.11478),24.11478,-104.64226,Durango,Durango,2026-01-05 14:59:00,VIIRS_SNPP_7d
POINT (-104.63717 24.11517),24.11517,-104.63717,Durango,Durango,2026-01-05 14:59:00,VIIRS_SNPP_7d
POINT (-104.6415 24.10875),24.10875,-104.6415,Durango,Durango,2026-01-05 14:59:00,VIIRS_SNPP_7d
POINT (-104.64066 24.10273),24.10273,-104.64066,Durango,Durango,2026-01-05 14:59:00,VIIRS_SNPP_7d
POINT (-104.64429 24.11295),24.11295,-104.64429,Durango,Durango,2026-01-05 14:59:00,VIIRS_SNPP_7d
POINT (-104.63926 24.11337),24.11337,-104.63926,Durango,Durango,2026-01-05 14:59:00,VIIRS_SNPP_7d
POINT (-104.64339 24.10694),24.10694,-104.64339,Durango,Durango,2026-01-05 14:59:00,VIIRS_SNPP_7d
POINT (-104.64245 24.10093),24.10093,-104.64245,Durango,Durango,2026-01-05 14:59:00,VIIRS_SNPP_7d
POINT (-104.42832 24.02599),24.02599,-104.42832,Durango,Durango,2026-01-05 14:59:00,VIIRS_SNPP_7d
POINT (-104.42327 24.02637),24.02637,-104.42327,Durango,Durango,2026-01-05 14:59:00,VIIRS_SNPP_7d
POINT (-104.42275 24.02025),24.02025,-104.42275,Durango,Durango,2026-01-05 14:59:00,VIIRS_SNPP_7d
POINT (-104.43282 24.01949),24.01949,-104.43282,Durango,Durango,2026-01-05 14:59:00,VIIRS_SNPP_7d
POINT (-104.4278 24.01987),24.01987,-104.4278,Durango,Durango,2026-01-05 14:59:00,VIIRS_SNPP_7d
POINT (-104.41772 24.02062),24.02062,-104.41772,Durango,Durango,2026-01-05 14:59:00,VIIRS_SNPP_7d
POINT (-104.4323 24.01337),24.01337,-104.4323,Durango,Durango,2026-01-05 14:59:00,VIIRS_SNPP_7d
POINT (-104.42727 24.01375),24.01375,-104.42727,Durango,Durango,2026-01-05 14:59:00,VIIRS_SNPP_7d
POINT (-104.42223 24.01413),24.01413,-104.42223,Durango,Durango,2026-01-05 14:59:00,VIIRS_SNPP_7d
POINT (-104.42921 24.02612),24.02612,-104.42921,Durango,Durango,2026-01-05 14:59:00,VIIRS_SNPP_7d
POINT (-104.42418 24.02653),24.02653,-104.42418,Durango,Durango,2026-01-05 14:59:00,VIIRS_SNPP_7d
POINT (-104.42367 24.02041),24.02041,-104.42367,Durango,Durango,2026-01-05 14:59:00,VIIRS_SNPP_7d
POINT (-104.43372 24.01959),24.01959,-104.43372,Durango,Durango,2026-01-05 14:59:00,VIIRS_SNPP_7d
POINT (-104.4287 24.02),24.02,-104.4287,Durango,Durango,2026-01-05 14:59:00,VIIRS_SNPP_7d
POINT (-104.41864 24.02082),24.02082,-104.41864,Durango,Durango,2026-01-05 14:59:00,VIIRS_SNPP_7d
POINT (-103.96952 23.76703),23.76703,-103.96952,Vicente Guerrero,Durango,2026-01-06 01:45:00,VIIRS_SNPP_7d
POINT (-103.96935 23.76868),23.76868,-103.96935,Vicente Guerrero,Durango,2026-01-06 01:45:00,VIIRS_SNPP_7d
POINT (-103.39683 25.4869),25.4869,-103.39683,Torreón,Coahuila de Zaragoza,2026-01-06 03:26:00,VIIRS_SNPP_7d
POINT (-105.33684 23.80743),23.80743,-105.33684,Pueblo Nuevo,Durango,2025-12-30 13:53:00,VIIRS_NOAA_7d_J1
POINT (-105.33859 23.80867),23.80867,-105.33859,Pueblo Nuevo,Durango,2025-12-31 02:20:00,VIIRS_NOAA_7d_J1
POINT (-103.94562 25.26181),25.26181,-103.94562,Nazas,Durango,2026-01-01 02:00:00,VIIRS_NOAA_7d_J1
POINT (-105.02321 24.92322),24.92322,-105.02321,Nuevo Ideal,Durango,2026-01-02 14:36:00,VIIRS_NOAA_7d_J1
POINT (-105.02657 24.92312),24.92312,-105.02657,Nuevo Ideal,Durango,2026-01-02 14:36:00,VIIRS_NOAA_7d_J1
POINT (-103.39657 25.48736),25.48736,-103.39657,Torreón,Coahuila de Zaragoza,2026-01-03 03:04:00,VIIRS_NOAA_7d_J1
POINT (-106.89561 25.13393),25.13393,-106.89561,Tamazula,Durango,2026-01-03 14:18:00,VIIRS_NOAA_7d_J1
POINT (-105.25705 23.13503),23.13503,-105.25705,Pueblo Nuevo,Durango,2026-01-03 14:18:00,VIIRS_NOAA_7d_J1
POINT (-105.41149 25.47529),25.47529,-105.41149,El Oro,Durango,2026-01-03 14:18:00,VIIRS_NOAA_7d_J1
POINT (-103.3971 25.48869),25.48869,-103.3971,Torreón,Coahuila de Zaragoza,2026-01-04 02:43:00,VIIRS_NOAA_7d_J1
POINT (-104.63461 23.97913),23.97913,-104.63461,Durango,Durango,2026-01-04 13:57:00,VIIRS_NOAA_7d_J1
POINT (-103.39689 25.48823),25.48823,-103.39689,Torreón,Coahuila de Zaragoza,2026-01-05 02:26:00,VIIRS_NOAA_7d_J1
POINT (-104.43135 24.01403),24.01403,-104.43135,Durango,Durango,2026-01-05 13:40:00,VIIRS_NOAA_7d_J1
POINT (-104.436 24.01308),24.01308,-104.436,Durango,Durango,2026-01-05 13:40:00,VIIRS_NOAA_7d_J1
POINT (-104.57235 24.02656),24.02656,-104.57235,Durango,Durango,2026-01-05 13:40:00,VIIRS_NOAA_7d_J1
POINT (-104.64046 24.09938),24.09938,-104.64046,Durango,Durango,2026-01-05 13:40:00,VIIRS_NOAA_7d_J1
POINT (-104.63657 24.10479),24.10479,-104.63657,Durango,Durango,2026-01-05 13:40:00,VIIRS_NOAA_7d_J1
POINT (-104.64139 24.1038),24.1038,-104.64139,Durango,Durango,2026-01-05 13:40:00,VIIRS_NOAA_7d_J1
POINT (-105.08614 24.81713),24.81713,-105.08614,Nuevo Ideal,Durango,2026-01-05 13:40:00,VIIRS_NOAA_7d_J1
POINT (-105.09106 24.81612),24.81612,-105.09106,Nuevo Ideal,Durango,2026-01-05 13:40:00,VIIRS_NOAA_7d_J1
POINT (-105.09598 24.81511),24.81511,-105.09598,Nuevo Ideal,Durango,2026-01-05 13:40:00,VIIRS_NOAA_7d_J1
POINT (-103.96732 23.76942),23.76942,-103.96732,Vicente Guerrero,Durango,2026-01-06 02:07:00,VIIRS_NOAA_7d_J1
POINT (-105.51344 23.425),23.425,-105.51344,Pueblo Nuevo,Durango,2026-01-06 02:07:00,VIIRS_NOAA_7d_J1
POINT (-105.51313 23.42572),23.42572,-105.51313,Pueblo Nuevo,Durango,2026-01-06 02:07:00,VIIRS_NOAA_7d_J1
POINT (-105.3343 23.81095),23.81095,-105.3343,Pueblo Nuevo,Durango,2025-12-30 14:42:00,VIIRS_NOAA_7d_J2
POINT (-105.27871 23.21076),23.21076,-105.27871,Pueblo Nuevo,Durango,2025-12-30 14:42:00,VIIRS_NOAA_7d_J2
POINT (-105.33559 23.80931),23.80931,-105.33559,Pueblo Nuevo,Durango,2025-12-31 03:11:00,VIIRS_NOAA_7d_J2
POINT (-103.39677 25.48732),25.48732,-103.39677,Torreón,Coahuila de Zaragoza,2026-01-02 02:32:00,VIIRS_NOAA_7d_J2
POINT (-103.68681 25.45911),25.45911,-103.68681,Lerdo,Durango,2026-01-02 02:32:00,VIIRS_NOAA_7d_J2
POINT (-104.10103 23.96029),23.96029,-104.10103,Poanas,Durango,2026-01-02 13:46:00,VIIRS_NOAA_7d_J2
POINT (-104.10188 23.96418),23.96418,-104.10188,Poanas,Durango,2026-01-02 13:46:00,VIIRS_NOAA_7d_J2
POINT (-104.22695 24.35879),24.35879,-104.22695,Pánuco de Coronado,Durango,2026-01-02 13:46:00,VIIRS_NOAA_7d_J2
POINT (-103.39514 25.48671),25.48671,-103.39514,Torreón,Coahuila de Zaragoza,2026-01-03 02:13:00,VIIRS_NOAA_7d_J2
POINT (-103.68809 25.4595),25.4595,-103.68809,Lerdo,Durango,2026-01-03 02:13:00,VIIRS_NOAA_7d_J2
POINT (-104.07658 26.37421),26.37421,-104.07658,Mapimí,Durango,2026-01-03 13:27:00,VIIRS_NOAA_7d_J2
POINT (-103.39758 25.48766),25.48766,-103.39758,Torreón,Coahuila de Zaragoza,2026-01-04 01:54:00,VIIRS_NOAA_7d_J2
POINT (-105.08917 24.8237),24.8237,-105.08917,Nuevo Ideal,Durango,2026-01-05 14:29:00,VIIRS_NOAA_7d_J2
POINT (-105.0836 24.82438),24.82438,-105.0836,Nuevo Ideal,Durango,2026-01-05 14:29:00,VIIRS_NOAA_7d_J2
POINT (-105.09419 24.81909),24.81909,-105.09419,Nuevo Ideal,Durango,2026-01-05 14:29:00,VIIRS_NOAA_7d_J2
POINT (-105.08862 24.81976),24.81976,-105.08862,Nuevo Ideal,Durango,2026-01-05 14:29:00,VIIRS_NOAA_7d_J2
POINT (-104.3998 24.34247),24.34247,-104.3998,Durango,Durango,2026-01-05 14:29:00,VIIRS_NOAA_7d_J2
POINT (-104.40319 24.33792),24.33792,-104.40319,Durango,Durango,2026-01-05 14:29:00,VIIRS_NOAA_7d_J2
POINT (-104.39925 24.33838),24.33838,-104.39925,Durango,Durango,2026-01-05 14:29:00,VIIRS_NOAA_7d_J2
POINT (-104.7093 24.14562),24.14562,-104.7093,Durango,Durango,2026-01-05 14:29:00,VIIRS_NOAA_7d_J2
POINT (-104.64032 24.11108),24.11108,-104.64032,Durango,Durango,2026-01-05 14:29:00,VIIRS_NOAA_7d_J2
POINT (-104.64349 24.10662),24.10662,-104.64349,Durango,Durango,2026-01-05 14:29:00,VIIRS_NOAA_7d_J2
POINT (-104.63968 24.10708),24.10708,-104.63968,Durango,Durango,2026-01-05 14:29:00,VIIRS_NOAA_7d_J2
POINT (-104.6428 24.10263),24.10263,-104.6428,Durango,Durango,2026-01-05 14:29:00,VIIRS_NOAA_7d_J2
POINT (-104.63845 24.09906),24.09906,-104.63845,Durango,Durango,2026-01-05 14:29:00,VIIRS_NOAA_7d_J2
POINT (-104.43295 24.01982),24.01982,-104.43295,Durango,Durango,2026-01-05 14:29:00,VIIRS_NOAA_7d_J2
POINT (-104.42509 24.02075),24.02075,-104.42509,Durango,Durango,2026-01-05 14:29:00,VIIRS_NOAA_7d_J2
POINT (-104.42902 24.02028),24.02028,-104.42902,Durango,Durango,2026-01-05 14:29:00,VIIRS_NOAA_7d_J2
POINT (-104.43631 24.0153),24.0153,-104.43631,Durango,Durango,2026-01-05 14:29:00,VIIRS_NOAA_7d_J2
POINT (-104.42452 24.01669),24.01669,-104.42452,Durango,Durango,2026-01-05 14:29:00,VIIRS_NOAA_7d_J2
POINT (-104.42059 24.01715),24.01715,-104.42059,Durango,Durango,2026-01-05 14:29:00,VIIRS_NOAA_7d_J2
POINT (-104.43238 24.01576),24.01576,-104.43238,Durango,Durango,2026-01-05 14:29:00,VIIRS_NOAA_7d_J2
POINT (-104.42846 24.01622),24.01622,-104.42846,Durango,Durango,2026-01-05 14:29:00,VIIRS_NOAA_7d_J2
POINT (-104.43182 24.0117),24.0117,-104.43182,Durango,Durango,2026-01-05 14:29:00,VIIRS_NOAA_7d_J2
POINT (-104.42788 24.01216),24.01216,-104.42788,Durango,Durango,2026-01-05 14:29:00,VIIRS_NOAA_7d_J2
POINT (-104.642 23.96652),23.96652,-104.642,Durango,Durango,2026-01-05 14:29:00,VIIRS_NOAA_7d_J2
POINT (-103.39722 25.48723),25.48723,-103.39722,Torreón,Coahuila de Zaragoza,2026-01-06 02:56:00,VIIRS_NOAA_7d_J2
POINT (-103.96583 23.76426),23.76426,-103.96583,Vicente Guerrero,Durango,2026-01-06 02:58:00,VIIRS_NOAA_7d_J2
